{"v":"5.6.10","fr":25,"ip":0,"op":37,"w":1080,"h":1557,"nm":"合成 1","ddd":0,"assets":[{"id":"image_0","w":1080,"h":1557,"u":"images/","p":"img_0.png","e":0},{"id":"image_1","w":1080,"h":1557,"u":"images/","p":"img_1.png","e":0}],"layers":[{"ddd":0,"ind":1,"ty":2,"nm":"编组 8@3x.png","cl":"png","refId":"image_0","sr":1,"ks":{"o":{"a":1,"k":[{"i":{"x":[0.667],"y":[1]},"o":{"x":[0.333],"y":[0]},"t":28,"s":[100]},{"t":36,"s":[0]}],"ix":11},"r":{"a":0,"k":0,"ix":10},"p":{"a":1,"k":[{"i":{"x":0.667,"y":1},"o":{"x":0.333,"y":0},"t":0,"s":[540,-77.5,0],"to":[0,245.333,0],"ti":[0,-245.333,0]},{"t":37,"s":[540,1394.5,0]}],"ix":2},"a":{"a":0,"k":[540,778.5,0],"ix":1},"s":{"a":0,"k":[100,100,100],"ix":6}},"ao":0,"ip":0,"op":125,"st":0,"bm":0},{"ddd":0,"ind":2,"ty":2,"nm":"1.png","cl":"png","refId":"image_1","sr":1,"ks":{"o":{"a":0,"k":100,"ix":11},"r":{"a":0,"k":0,"ix":10},"p":{"a":0,"k":[540,778.5,0],"ix":2},"a":{"a":0,"k":[540,778.5,0],"ix":1},"s":{"a":0,"k":[100,100,100],"ix":6}},"ao":0,"ip":0,"op":125,"st":0,"bm":0}],"markers":[]}