{"v":"5.6.10","fr":25,"ip":0,"op":26,"w":951,"h":1557,"nm":"合成 1","ddd":0,"assets":[{"id":"image_0","w":951,"h":1557,"u":"images/","p":"img_0.png","e":0},{"id":"image_1","w":18,"h":540,"u":"images/","p":"img_1.png","e":0},{"id":"comp_0","layers":[{"ddd":0,"ind":1,"ty":2,"nm":"1@3x.png","cl":"png","refId":"image_1","sr":1,"ks":{"o":{"a":1,"k":[{"i":{"x":[0.833],"y":[0.833]},"o":{"x":[0.167],"y":[0.167]},"t":0,"s":[0]},{"i":{"x":[0.833],"y":[0.833]},"o":{"x":[0.167],"y":[0.167]},"t":13,"s":[100]},{"t":25,"s":[0]}],"ix":11},"r":{"a":0,"k":0,"ix":10},"p":{"a":1,"k":[{"i":{"x":0.833,"y":0.833},"o":{"x":0.167,"y":0.167},"t":0,"s":[379.5,-441.5,0],"to":[0,346.667,0],"ti":[0,-346.667,0]},{"t":25,"s":[379.5,1638.5,0]}],"ix":2},"a":{"a":0,"k":[9,270,0],"ix":1},"s":{"a":0,"k":[100,100,100],"ix":6}},"ao":0,"ip":0,"op":125,"st":0,"bm":0},{"ddd":0,"ind":2,"ty":2,"nm":"1@3x.png","cl":"png","refId":"image_1","sr":1,"ks":{"o":{"a":1,"k":[{"i":{"x":[0.667],"y":[1]},"o":{"x":[0.333],"y":[0]},"t":0,"s":[0]},{"i":{"x":[0.667],"y":[1]},"o":{"x":[0.333],"y":[0]},"t":4,"s":[100]},{"i":{"x":[0.667],"y":[1]},"o":{"x":[0.333],"y":[0]},"t":13,"s":[100]},{"t":25,"s":[0]}],"ix":11},"r":{"a":0,"k":0,"ix":10},"p":{"a":1,"k":[{"i":{"x":0.833,"y":0.833},"o":{"x":0.167,"y":0.167},"t":0,"s":[787.5,-393.5,0],"to":[0,306.667,0],"ti":[0,-306.667,0]},{"t":25,"s":[787.5,1446.5,0]}],"ix":2},"a":{"a":0,"k":[9,270,0],"ix":1},"s":{"a":0,"k":[100,100,100],"ix":6}},"ao":0,"ip":0,"op":125,"st":0,"bm":0},{"ddd":0,"ind":3,"ty":2,"nm":"1@3x.png","cl":"png","refId":"image_1","sr":1,"ks":{"o":{"a":1,"k":[{"i":{"x":[0.667],"y":[1]},"o":{"x":[0.333],"y":[0]},"t":0,"s":[0]},{"i":{"x":[0.667],"y":[1]},"o":{"x":[0.333],"y":[0]},"t":4,"s":[100]},{"i":{"x":[0.667],"y":[1]},"o":{"x":[0.333],"y":[0]},"t":13,"s":[100]},{"t":25,"s":[0]}],"ix":11},"r":{"a":0,"k":0,"ix":10},"p":{"a":1,"k":[{"i":{"x":0.833,"y":0.833},"o":{"x":0.167,"y":0.167},"t":0,"s":[91.5,-385.5,0],"to":[0,230.667,0],"ti":[0,-230.667,0]},{"t":25,"s":[91.5,998.5,0]}],"ix":2},"a":{"a":0,"k":[9,270,0],"ix":1},"s":{"a":0,"k":[100,100,100],"ix":6}},"ao":0,"ip":0,"op":125,"st":0,"bm":0},{"ddd":0,"ind":4,"ty":2,"nm":"1@3x.png","cl":"png","refId":"image_1","sr":1,"ks":{"o":{"a":1,"k":[{"i":{"x":[0.667],"y":[1]},"o":{"x":[0.333],"y":[0]},"t":0,"s":[0]},{"i":{"x":[0.667],"y":[1]},"o":{"x":[0.333],"y":[0]},"t":4,"s":[100]},{"i":{"x":[0.667],"y":[1]},"o":{"x":[0.333],"y":[0]},"t":13,"s":[100]},{"t":25,"s":[0]}],"ix":11},"r":{"a":0,"k":0,"ix":10},"p":{"a":1,"k":[{"i":{"x":0.833,"y":0.833},"o":{"x":0.167,"y":0.167},"t":0,"s":[875.5,-393.5,0],"to":[0,144,0],"ti":[0,-144,0]},{"t":25,"s":[875.5,470.5,0]}],"ix":2},"a":{"a":0,"k":[9,270,0],"ix":1},"s":{"a":0,"k":[100,100,100],"ix":6}},"ao":0,"ip":0,"op":125,"st":0,"bm":0},{"ddd":0,"ind":5,"ty":2,"nm":"1@3x.png","cl":"png","refId":"image_1","sr":1,"ks":{"o":{"a":1,"k":[{"i":{"x":[0.667],"y":[1]},"o":{"x":[0.333],"y":[0]},"t":0,"s":[0]},{"i":{"x":[0.667],"y":[1]},"o":{"x":[0.333],"y":[0]},"t":4,"s":[100]},{"i":{"x":[0.667],"y":[1]},"o":{"x":[0.333],"y":[0]},"t":13,"s":[100]},{"t":25,"s":[0]}],"ix":11},"r":{"a":0,"k":0,"ix":10},"p":{"a":1,"k":[{"i":{"x":0.833,"y":0.833},"o":{"x":0.167,"y":0.167},"t":0,"s":[215.5,-401.5,0],"to":[0,105.333,0],"ti":[0,-105.333,0]},{"t":25,"s":[215.5,230.5,0]}],"ix":2},"a":{"a":0,"k":[9,270,0],"ix":1},"s":{"a":0,"k":[100,100,100],"ix":6}},"ao":0,"ip":0,"op":125,"st":0,"bm":0}]}],"layers":[{"ddd":0,"ind":1,"ty":2,"nm":"编组 4@3x.png","cl":"png","refId":"image_0","sr":1,"ks":{"o":{"a":0,"k":100,"ix":11},"r":{"a":0,"k":0,"ix":10},"p":{"a":1,"k":[{"i":{"x":0.667,"y":1},"o":{"x":0.333,"y":0},"t":0,"s":[475.5,778.5,0],"to":[0,-22.667,0],"ti":[0,0,0]},{"i":{"x":0.667,"y":1},"o":{"x":0.333,"y":0},"t":12,"s":[475.5,642.5,0],"to":[0,0,0],"ti":[0,-22.667,0]},{"t":25,"s":[475.5,778.5,0]}],"ix":2},"a":{"a":0,"k":[475.5,778.5,0],"ix":1},"s":{"a":0,"k":[100,100,100],"ix":6}},"ao":0,"ip":0,"op":125,"st":0,"bm":0},{"ddd":0,"ind":2,"ty":0,"nm":"预合成 1","refId":"comp_0","sr":1,"ks":{"o":{"a":0,"k":100,"ix":11},"r":{"a":0,"k":0,"ix":10},"p":{"a":0,"k":[475.5,778.5,0],"ix":2},"a":{"a":0,"k":[475.5,778.5,0],"ix":1},"s":{"a":0,"k":[100,100,100],"ix":6}},"ao":0,"w":951,"h":1557,"ip":0,"op":125,"st":0,"bm":0}],"markers":[]}